CUI,Name
C0224519,"Synchondrosis, NOS"
C0018790,heart; stoppage
C0002949,dissection of artery
C0152013,LUNG CANCER ADENOCARCINOMA
C0263772,Coxae malum senilis
C0441621,Sampling - action
C0224153,sternocleidomastoid
C0230149,Middle mediastinum structure
C0224301,Set of erector spinae
C0029927,ovary; cystic
C0333055,retroversion
C0015826,"Fenestration, NOS"
C0039987,Set of thoracic vertebrae
C0224440,Quadriceps muscle
C0262431,Vertebral compression fracture
C0226503,venous plexus
C0036760,Serous membrane structure
C0222722,occipital condyle
C0032009,Posterior Lobe of the Pituitary Gland
C0229792,Structure of lymph node of mesentery
C0521102,Interference
C0041428,fusion; twins
C0005898,Body region structure
C0007770,cerebral artery
C0226862,straight sinus
C0750610,Gastric Vein
C0227900,Structure of right fallopian tube
C0920367,Optical Coherence Tomography
C0332144,final diagnosis
C0332448,Tissue infiltration
C0230425,Right Thigh
C0549186,obstructed
C2712342,Urinary Bladder Stone
C5441553,Caudal Vertebra
C0223088,"Intervertebral space, NOS"
C0585574,pectoralis major
C0264734,atrial dilatation
C0220650,BRAIN TUMOR METASTATIC
C0229559,Right Adrenal Gland
C0149973,intrauterine pregnancy
C0228482,Vermis of cerebellum
C0021815,intervertebral disk
C0948162,Bone marrow oedema
C0223932,Neck of talus
C0027540,Necrotic Process
C0428811,mitral annular calcification
C0032008,Anterior Lobe of the Pituitary Gland
C0024221,Lymphangioma of unspecified site
C0226401,Inferior Epigastric Artery
C0018826,Cardiac valve structure
C0923928,Left optic nerve
C0030851,Penile structure
C0030797,"Structure of pelvic region, unspecified"
C0152320,Body of the Corpus Callosum
C0588193,Femoral Shaft
C0023685,Structure of ligament
C1512955,IntralesionalRoute
C0038356,Gastric neoplasm
C0038969,Suture material
C0333159,emphysematous
C0039729,"Thalamus, NOS"
C0011334,carious teeth
C0459705,Fifth metatarsal
C4274828,Anterior nasal spine
C0042487,a blood clot in the vein
C0934462,Submandibular compartment
C0524423,Both cardiac ventricles
C0038001,splenic vein
C0228084,"Nerve root, NOS"
C0230360,Right forearm
C0333204,"Thrombus, non-occlusive"
C0039277,Anklebone
C0266631,accessory; spleen
C0016663,Personal history of pathologic fracture
C0014533,Epididymis structure
C0581620,Dorsal spinal cord
C0226092,"External carotid artery, left"
C0225808,Structure of right side of heart
C0011666,Descending aorta structure
C0023801,"Lipomatosis, NOS"
C0751440,Pituitary stalk structure
C0223696,Head of radius
C0595620,IntratendinousRoute
C0877248,Adverse Event
C0340704,SUPERIOR MESENTERIC VEIN THROMBOSIS
C0489887,Right subclavian vein
C0020224,pregnancy; polyhydramnios
C0031774,phrenic nerve
C0005974,"Bone resorption, NOS"
C0225452,right maxillary sinus
C0021376,"Inflammatory cell infiltration, chronic"
C0018427,Structure of cingulate gyrus
C0446469,Upper chest
C0009319,colon (non-specific) inflammation
C0447009,Mitral leaflet
C0026718,"Mucormycosis, unspecified"
C0007572,Celiac nervous plexus structure
C0226016,Anterior aortic sinus
C0588203,distal ulna
C0155747,splenic artery aneurysm
C0393984,subfalcine herniation
C0447411,Alveolar arch
C0336574,"Pacemakers, Cardiac, External, Invasive Electrode, Transvenous"
C0226245,Anterior Inferior Cerebellar Artery
C0024631,ear's hammer
C0856761,Chiari; disease or syndrome
C0007785,"Cerebral infarction, unspecified"
C0333113,Pocket formation
C1306645,Radiograph
C0032225,Pleural structure
C0238154,Haemorrhage;epidural;traumatic
C0595451,IntrapleuralRoute
C0024110,PULMONARY ABSCESS
C0267869,Bile ducts stone
C0230370,Right Hand
C0015808,femoral nerve
C0022417,Set of joints
C1305372,Structure of hilar lymph node
C0035237,"Structure of respiratory system, unspecified"
C0205518,transrectal
C0458421,Structure of wall of urinary bladder
C0227388,Left colon structure
C0003484,Abdominal Aorta
C0225947,Fibrous ring of mitral valve
C0006267,"Bronchiectasis, NOS"
C0597984,Biliary system stenosis
C0265950,deformity; vein
C0226004,Arterial system structure
C0020449,hyperinflation
C0035092,Set of renal veins
C0018246,Inguinal region structure
C0231099,Set of incisive canals
C0850458,"Stents, Vascular, Carotid"
C0332534,induration
C0003090,joint; fusion
C0019064,hemorrhage; pericardium
C0230165,Upper Abdomen
C0040147,"Thyroiditis, unspecified"
C0230403,Hand Digit 5
C0080039,Structure of posterior cruciate ligament of knee joint
C0162861,Superior Mesenteric Artery
C0031111,Periosteitis fibrosa
C0037949,"Structure of vertebral column, unspecified"
C0024204,Lymph node structure
C0451641,"Urolithiasis, NOS"
C0224361,trapezius
C0005615,"Parturition, NOS"
C0224302,Structure of iliocostalis muscle
C0238124,FASCIITIS NECROTISING
C0340161,Mediastinal haematoma
C0179799,"Catheters, Urinary, Ureteral"
C0227170,Piriform fossa
C1301369,Subsartorial vein
C2939419,metastatic; cancer or neoplasm
C0576464,Entire distal phalanx
C0030421,"gangliocytic; paraganglioma, unspecified site"
C0085693,acute inflamed appendicitis
C0015455,Bones of face
C1253936,"Effusion of joint, site unspecified"
C0018552,"Hamartoma, NOS"
C0234226,painless
C0267834,Hepatic cysts
C0020312,PLEURAL EFFUSION TRANSUDATIVE
C1321581,bezoars
C0270712,Late cortical cerebellar atrophy
C0229353,right middle ear
C0179751,"Catheters, Spinal, Epidural"
C0003964,Portion of peritoneal fluid
C0006281,Single lung cyst
C0162406,Set of inferior dental nerves
C5441965,ascitis
C0023869,"Lithiasis, NOS"
C0025474,Mesentery structure
C0700148,"Congestion, NOS"
C0694637,nasogastric
C0005847,Blood vessel structure
C0221230,Cystitis pneumatoides
C0018534,Foot Digit 1
C0225205,"Aponeurosis, NOS"
C0225599,Tracheal bronchus
C0226019,Aortic isthmus
C0030326,"Panniculitis, unspecified, site unspecified"
C0003842,Set of arteries
C0334135,sclerotic
C0333160,pneumatocele
C0870032,Skin/Subcutaneous Tissue
C0932510,Distal Interphalangeal Joint
C0018934,retained menstrual bleeding
C0442887,septal hypertrophy
C0238522,Roger
C2713497,Cerebral berry aneurysm
C0008479,chondrosarcoma; (site unspecified)
C0152299,Structure of ascending frontal gyrus
C0392014,tracheal deviation
C0003855,AV FISTULA
C0034169,putamen
C0015560,Fallopian tube structure
C0227937,Cavernous organ of penis
C0259770,inclusion; cyst
C0015392,Globe
C0222769,Structure of jugular notch of sternum
C0006205,Broad ligament structure
C0223078,Structure of transverse process of vertebra
C0459929,Left inguinal canal
C0226042,Right coronary artery
C0227813,Body of uterus structure
C0391856,"Depressed structure, NOS"
C0227672,Renal sinus structure
C1368999,Late Adverse Effect
C0229298,"Right ear, NOS"
C0152279,Lateral Ventricle
C0223894,Intercondylar eminence of tibia
C5235043,Structure of left orbital region
C0225353,glandular
C0578735,enlarged axillary lymph node
C0206366,"ossification; ligament, ligament, posterior longitudinal"
C0230054,Suprasellar Region
C0002390,Unspecified allergic alveolitis and pneumonitis
C0017086,sphacelus
C0020542,hypertension caused by lung disease
C0042580,"Vesicoureteral-reflux, unspecified"
C0227952,Male Prepuce
C3266676,Cephalometric condylion point
C0229867,Right palatine tonsil
C2239176,liver cell cancer
C0016519,foramen magnum
C0040132,Thyroid structure
C0023524,multifocal; leukoencephalopathy
C0225342,Tunica externa
C0042345,enlarged tortuous blood vessel
C0025037,ILEAL DIVERTICULA
C0226865,Sinus Sigmoideus
C0230189,Hypogastric region structure
C0230108,Infraclavicular part of chest
C0032227,effusion; pleura
C0582819,Inferior rectus
C0024202,lymph fluid
C0243032,magnetic resonance angiography (MRA)
C0018283,Structure of epiphyseal plate
C0040113,Thymus gland structure
C0222694,glabella
C1261075,right lower lobe
C0281839,Oesophageal rupture
C0584894,rectus femoris
C0152386,Tonsil of cerebellum
C0151517,"heart; block, third degree (atrioventricular)"
C0149854,HAEMORRHAGE CEREBELLAR
C0015450,Face structure
C0004456,axillary vein
C0222679,articular facet
C0182092,"OSTEOTOME, MANUAL"
C0342419,pituitary mass
C0009368,Colon (Anatomy)
C0034215,pyometrium
C0034099,Chamber of tooth
C0230073,Structure of lateral portion of neck
C0014860,perforation; esophagus
C0227194,Lumen of esophagus
C0222711,Structure of internal acoustic meatus of temporal bone
C0549145,Fournier
C0225461,Left frontal sinus
C0005937,"Solitary bone cyst, unspecified site"
C0686619,metastasis of malignant neoplasm to lymph nodes
C0079321,external fixator
C0225435,Middle nasal concha
C0226032,Anterior Descending Coronary Artery
C0041343,TUBOOVARIAN ABSCESS
C0225608,Right Main Bronchus
C0225591,Lumen of trachea
C1265880,Focal calcium deposition
C1289793,silicone implant
C4545644,Structure of lymph node of right axilla
C1306838,Name nicht gefunden
C1709868,Structure of rectosigmoid junction
C0021852,Structure of small intestine
C0580781,Left ventricular apex
C0524471,left hip
C0521619,Pelvi-ureteric obstruction
C0263833,"Effusion, unspecified hip"
C0223084,Structure of body of vertebra
C0225811,Cardiac apex
C0223170,Structure of body of sixth cervical vertebra
C0030163,"Pacemaker, Artificial (Heart)"
C0230338,Left axilla
C0152322,Rostrum of the Corpus Callosum
C0036609,Hypophysial fossa
C0227979,Right Seminal Vesicle
C0018418,Gynecomastia of non-human mammary gland
C0230436,Popliteal Fossa
C0025344,period
C1621382,Both adrenal glands
C0226411,Ovarian Artery
C0024091,Set of lumbar vertebrae
C0223896,tibial tuberosity
C0008484,Set of chordae tendineae of heart
C0014520,Epidermis structure
C0085816,"Anterior tibial artery, NOS"
C0521533,aneurysm of atrial septal wall
C1305624,Descending aorta
C0226054,Structure of right pulmonary artery
C0347646,perforated colon
C0225809,Structure of left side of heart
C0151936,Tendon disorder
C0348070,Secondary tooth
C0013769,Elbow region structure
C0027342,Nail plate structure
C0242202,Cerebral structure
C0225707,Anatomical apex of right lung
C0446498,left iliac fossa
C0158371,"Acute osteomyelitis, site unspecified"
C0226778,"Penile vein, NOS"
C0032290,Aspiration pneumonitis
C0348015,Posterior segment
C0225776,Visceral pleura structure
C0024949,"Maxillary artery, NOS"
C0333200,intramural hematoma
C0001168,obturation
C0447556,Neck of the Pancreas
C0588210,Humeral Shaft
C0000726,Abdominopelvis
C0000846,Agenesis
C0205241,fascicular
C0240059,Intraventricular Brain Hemorrhage
C0224469,Fibularis longus
C0175325,infundibulum
C0023269,Leiomyosarcoma NOS
C1266119,Solitary fibrous tumour
C0227997,right testicle
C0332567,"Torus, NOS"
C0228181,centrum semiovale
C0229210,Outer Nuclear Layer
C0016976,Gall Bladder
C0031173,Common fibular nerve
C0225610,Structure of bronchus of right upper lobe
C0002382,"process; alveolar, atrophy"
C0030747,Pectoral muscle structure
C0013604,swelling due to excess fluid
C0226416,Right axillary artery
C0015388,exudate
C0486616,Composition (property)
C0001209,Structure of acromion
C2733597,Right superior vena cava
C0428851,pulmonary artery dilation
C2317432,Effusion
C0226543,External Jugular Vein
C0227608,Hilar Area of the Kidney
C0018784,deafness; perception
C0024296,Lymphocytic tissue structure
C0521169,compression fractures
C0817096,chest and upper back
C0230330,Structure of left upper limb
C0225219,"Cervical fascia, prevertebral layer"
C0585442,bone cancer
C0566602,Primary Sclerosing Cholangitis
C0227822,Structure of parametrium
C0006257,Bronchial arterial tree
C0439826,olfactory
C0152282,Structure of posterior horn of lateral ventricle
C0238463,Thyroid Gland Papillary Carcinoma
C4281598,Right knee
C0223984,Second metatarsal
C0577870,aortic valvular vegetation
C0412650,CT scan;spine;cervical
C0085222,PSOAS MUSCLE ABSCESS
C1305608,L1 vertebral body
C0227489,Caudate Lobe
C0225166,anterior talofibular ligament
C0225295,Ischio-anal fossa
C0677608,Chorangioma
C0460009,Back of body proper
C0339821,CONCHA BULLOSA
C0230365,Structure of right wrist region
C0225708,Basal zone of right lung
C0019284,"Diaphragmatic hernia, NOS"
C0182215,perimeter
C0600139,carcinoma of prostate gland
C0264558,tension pneumothorax
C0448311,Rectus muscle of eye
C0223739,Triquetral
C0038532,subclavian vein
C0023216,"Structure of lower extremity, unspecified"
C0223626,Coracoid process
C0006288,Congenital pulmonary sequestration
C1827591,Structure of half of thorax lateral to midsagittal plane
C0006118,Brain--Tumors
C1142578,bilateral pneumonia
C3179349,Malignant Gastrointestinal Stromal Tumor
C0265903,single coronary artery
C0224463,tibialis posterior
C0265357,Bilateral left-sidedness sequence
C0444611,Fluid
C0086835,"Posterior tibial artery, NOS"
C0030580,Parotid gland structure
C1185651,Cephalometric gonion point
C0041321,"Miliary tuberculosis, unspecified, unspecified"
C0266389,unicornuate uterus
C0227148,parapharyngeal space
C0443258,microvascular
C0027051,cardiac; infarction
C0009437,Common Duct
C0699791,Gastric Carcinoma
C1562459,Neck and chest
C0040395,Tomographic imaging
C1288329,Isthmus uteri structure
C0022655,Renal Cortex
C0446985,Right coronary sinus
C0447661,Subareolar Region
C0008520,Choroidal structure
C0546483,Pulmonary cyst
C0039099,synovium
C0223665,Iliopubic eminence
C0225924,"Atrioventricular (non-mitral, non-tricuspid) valve"
C0230120,Name nicht gefunden
C4303641,Structure of right carotid artery
C1262468,Set of intercarpal joints
C0439667,granulomatous
C0729907,Right coronary orifice
C0459941,C4 Vertebra
C0162872,intrathoracic; aneurysm
C0149559,Posterior Communicating Artery
C1305613,L5 vertebral body
C0226231,Left vertebral artery
C0149573,Posterior Inferior Cerebellar Artery
C1301771,relieved
C0225951,Posterior Cusp of the Mitral Valve
C0588207,distal radius
C0030518,Parathyroid structure
C0272412,spleen; abscess
C0008707,"Chronic osteomyelitis, site unspecified"
C0225740,Structure of lingula of left lung
C0223895,Medial malleolus structure
C0021724,intercostal muscle
C3665332,Primary hypertrophic cardiomyopathy
C0032987,extrauterine gestation or pregnancy
C0264515,necrotic; pneumonia
C0007569,Structure of celiac artery
C1282006,Entire diagonal branch of anterior descending branch of left coronary artery
C1265788,Daughter cyst
C0152335,"Anterior commissure, NOS"
C0223908,Proximal epiphysis of fibula
C0078981,arachnoid; cyst
C0023890,hepatic cirrhosis
C0340776,aneurysm of vein
C0229802,Retroperitoneal Lymph Node
C0010316,cribriform plate
C0224520,Amphiarthrosis
C0043539,Zygomatic bone structure
C0024305,nonHodgkin's lymphoma
C0230461,Left Foot
C0152321,Genu of the Corpus Callosum
C0227391,An S-shaped section of the colon
C0225990,"Large vessels, NOS"
C0007131,nonsmall cell lung cancer
C0272414,splenoptosis
C0024688,Structure of condyloid process of mandible
C0007765,Cerebellar structure
C0333276,acute blood loss
C0016732,"Frontal bone, NOS"
C0524702,Pulmonary thromboembolism
C0405469,Breast granuloma
C0576462,Entire proximal phalanx
C0017067,a group of nerve cell
C0002940,artery; dilatation
C0007286,"Carpal tunnel syndrome, unspecified upper limb"
C4510788,Deep endometriosis
C0001516,Adhesive Device
C0226378,uterine artery
C0559499,biceps
C0015809,Femoral vein structure
C0228912,Lateral cutaneous nerve of thigh
C0549109,Fascia of plantaris
C0175649,Prosthetic devices
C0018827,Cardiac ventricular structure
C0559287,MIddle lung zone
C0039520,peritendinitis
C0345002,quadricuspid aortic valve
C0729890,iliac vessels
C0242490,ligament; disorder ligamentous attachments
C4551650,stricture; esophagus
C0027709,nephrocalcinosis
C0578575,type a aortic dissection
C0225317,"Soft tissues, NOS"
C0227385,Structure of right colic flexure
C0037941,Set of spinal nerves
C0406169,Hyperkeratotic callus
C0230353,right elbow
C0027740,Nerve structure
C0268000,Retention of fluid
C0393983,tonsillar herniation
C0019077,pneumohemothorax
C0228160,Right lateral ventricle
C0447304,Incisal edge
C0022359,Jaw Bone
C0506546,esophageal wall
C1527311,brain swelling
C0011923,"Diagnostic imaging, not elsewhere classified"
C0021102,implant device
C0340464,ectopic; heart beat
C0033572,Prostate Gland
C0457846,cervical segments
C0228121,cerebellar tentorium
C0230366,Structure of left wrist region
C0029134,optic nerve; inflammation
C0582797,Bilateral hip joint
C0019149,common hepatic duct
C0266328,ectopia; ureter
C0598801,diffusion weighted magnetic resonance imaging (DWMRI)
C0338573,cerebrovenous sinus; thrombosis
C0227701,Structure of posterior wall of urinary bladder
C0011813,"heart; malposition, congenital, dextrocardia"
C0241982,Pulmonary bulla
C0011900,DIAGNOSED
C0155676,aneurysm of pulmonary artery
C1306503,exomphalos
C0227874,Left Ovary
C0458583,"Lower lip, NOS"
C0015813,Structure of head of femur
C0228233,left temporal lobe
C0222712,Jugular foramen structure
C0016169,Sinus
C0458703,Structure of bulb of penis
C0030353,OPTIC DISC EDEMA
C0030299,pseudocyst; pancreas
C0006114,Cerebral oedema
C0447541,Liver Lobe
C0022821,round back
C0520575,acute; pyelonephritis
C0227842,Internal cervical os
C2882221,Acute Pulmonary Embolism
C1275506,imaging - action
C0225408,Back of nose
C0223736,Bone of trapezium
C0042232,Vagina/Vaginal
C0267771,RETROPERITONEAL MASS
C0001208,"Acromioclavicular joint, NOS"
C0042036,URINE
C0015027,ethmoid
C0227224,Stomach Wall
C0226707,Middle hepatic veins
C0224419,psoas major
C0004031,allergic lung reaction to the fungus aspergillus
C0262617,right inguinal hernia
C0460048,Large intestinal obstruction
C0003516,defect; aortopulmonary septum
C0015801,"Femoral artery, NOS"
C1140999,"Contraction, NOS"
C1456859,Structure of surface region of upper back
C0819757,lung parenchyma
C0226311,Gastroduodenal Artery
C3887486,PULMONARY FIBROSIS INTERSTITIAL
C0022664,Set of renal medullae
C0226676,Inferior right pulmonary vein
C0039485,Temporal lobe structure
C0584869,supraspinatus
C0225732,Basal zone of left lung
C0014876,Structure of oesophagus
C0011980,Diaphragmatic
C0230346,Right Upper Arm
C0202660,"Computerized tomography, coronal"
C0152244,"Aneurysmal bone cyst, unspecified site"
C0037993,Splenic structure
C0226706,Right hepatic veins
C1535976,epiploic appendagitis
C0522644,"embolization coil, device"
C0007531,Cecum/Cecal
C0032231,pleuritis
C0022889,Labyrinth structure
C4039172,Posterior point of nasal spine
C0443278,phlegmonous
C0012634,"diagnoses, syndromes, and conditions"
C0587044,left ventricular thrombosis
C4521765,Structure of right bronchus
C0228174,Cerebral hemisphere structure
C0036410,white area in the eye
C0037925,Spinal cord structure
C0206248,Structure of pelvic diaphragm
C0008524,"Choroid plexus, NOS"
C0457109,Border of heart
C0221093,"Needles, Injection, Hypodermic"
C0024947,Maxilla bone structure
C0496827,Malignant neoplasm of apex of urinary bladder
C0026269,mitral; stricture
C0153690,metastasis of malignant neoplasm to bone
C1621895,adrenal; hyperplasia
C0270687,pseudomeningocele
C1306460,Primary malignant neoplasm of lung
C0446516,"Structure of upper arm, unspecified"
C0024957,Maxillary sinus structure
C0446567,medial aspect of knee
C0013770,Joint of elbow
C0040452,Root
C2924613,Cephalometric point B
C0225731,Anatomical apex of left lung
C0036033,Posterior part of pelvis
C0341512,Retroperitoneal haematoma
C0223533,Intervertebral disk of third lumbar vertebra
C0410480,Osteonecrosis of head of femur
C0006285,bronchus; pneumonia
C0878544,heart muscle disease
C0224856,Tendon sheath structure
C0029423,benign chondroma of bone
C0038291,"Sternoclavicular joint, NOS"
C0447273,Entire permanent maxillary right central incisor tooth
C0179740,peripherally inserted central catheter (PICC)
C0877172,Spinal epidural haemorrhage
C1178871,Left buttock
C1305602,T11 vertebral body
C0018946,subdural bleeding
C1522653,IntratrachealRoute
C0035322,Pigmented layer of retina
C1305393,Posterior cranial fossa
C0227557,Right main liver duct
C1280202,Name nicht gefunden
C0332529,Consistency finding
C0442192,supraglottic
C0224362,Musculus Latissimus Dorsi
C0546018,Set of basal ganglia of right cerebral hemisphere
C0030305,pancreas Inflammation
C1265602,Multiple masses
C0027086,Benign Muscle Neoplasm
C0302350,therapeutic
C0230240,Falciform ligament structure
C0034065,lung embolism
C0151811,subcutaneous nodules
C0834406,Bone of patella
C0226069,Structure of left pulmonary artery
C0006087,"Brachial artery, NOS"
C0031153,Peritoneal
C0677897,into the spinal space
C0179790,Pulmonary artery catheter
C0152254,steatosis
C0584884,subscapularis
C0521622,hydronephrosis on both sides
C0037009,Joints of shoulder region
C0230443,Left Leg
C0225926,Fibrous ring of tricuspid valve
C1956346,"disease (or disorder); artery, coronary"
C1510412,Vascular pseudoaneurysm
C0086120,Cerebellar dentate nucleus
C0226730,Right hepatic portal vein
C0151701,lung; hemorrhage
C5395152,severe mitral valve regurgitation
C0447054,Left internal mammary artery
C0039487,temporalis
C0242690,tibialis anterior
C0005939,bone development
C0021445,"Inguinal canal, NOS"
C0221376,hydrosalpinx
C0225782,Right pleural cavity
C0223733,capitate
C0011981,diaphragm; eventration
C0473124,perirenal; hematoma
C0008034,"Drains, Thoracic"
C0225453,Left maxillary sinus
C0010097,corpus striatum
C0030219,Soft palate structure
C0226117,"Occipital artery, NOS"
C2334731,Cephalometric pogonion point
C0001863,air bubble
C0223864,Structure of transcervical section of neck of femur
C0229217,Outer Plexiform Layer
C0222762,Thoracic cage structure
C0229789,Paraaortic Lymph Node
C0031038,pericardial cyst
C2960749,Intratumor route
C0019123,Haemothorax
C1272694,abandoned
C0019155,Set of hepatic veins
C0021818,herniated intervertebral disc
C0276651,aspergilloma
C0230028,Mouth region structure
C0459559,Orbital wall
C1283683,Sciatic Notch
C0241790,Pulmonary arteriovenous malformation
C0222662,medullary cavity
C0149555,"Third ventricle, NOS"
C0014540,"Epiglottis, NOS"
C0230426,Left Thigh
C0242255,Tympanic cavity structure
C0333169,Partial obstruction
C0026684,Appendiceal mucocoele
C0203668,isotopic bone scan
C0340643,Dissection of unspecified site of aorta
C3888056,valve
C0025462,"Midbrain, NOS"
C0029434,fragility; ossium
C0036628,Seminal vesicle structure
C0730608,Pair of maxillary sinuses
C0448190,Proximal femur
C0034069,lung; fibrosis
C0013516,heart ultrasound
C0751533,subdural hygroma
C0442184,subcostal
C0227716,Structure of neck of urinary bladder
C2346418,Cephalometric porion point
C0017145,stomach; varix
C0037197,"Sinus of Valsalva, NOS"
C0578537,pulmonary cavitation
C1261045,Sacral vertebral column
C0149556,"Fourth ventricle, NOS"
C0026367,Structure of permanent molar tooth
C0227980,Left Seminal Vesicle
C0229664,Blood
C0227150,Posterior Wall of the Pharynx
C0041327,"Pulmonary tuberculosis, unspecified, unspecified"
C0230354,left elbow
C2733158,Small vessel cerebrovascular disease
C0225957,Fibrous ring of aortic valve
C0223628,Spine of scapula
C0006663,Calcification
C0443149,ballistic
C1275667,Proximal zone of trunk of femoral vein
C0038527,Subarachnoid space structure
C0029440,benign osteoma of bone
C0225897,Left cardiac ventricular structure
C0021845,perforated bowel
C0086510,k-wire
C0228465,Hemisphere of the Cerebellum
C0222819,"First rib, NOS"
C0226248,Left posterior cerebral artery
C0222748,Ramus of mandible
C0228157,"Periventricular white matter, NOS"
C0021934,Intussusceptum
C0225434,Inferior nasal turbinate structure
C0235982,stricture; bile duct
C0226332,Right Renal Artery
C3887513,Necrosis ischaemic
C0340654,artery; hemorrhage
C0085413,"polycystic; degeneration, kidney, adult type"
C0014537,Extradural space
C1279385,abdominal wall muscle
C0341318,enterocutaneous fistula
C0003461,Anal structure
C0228186,Longitudinal fissure
C2931822,carcinoma of nasopharynx
C0226859,Superior sagittal sinus structure
C0549113,Supra-aortic valve area
C0269185,uterus; retroversion
C0003151,Anterior chamber of eyeball
C0036394,"Sciatic nerve, NOS"
C0225860,Left sided atrium
C0524466,inside of the head bone
C1690005,MR venography
C0230337,Right axilla
C0020880,Ileo-cecal valve
C0006826,"Neoplastic disease, malignant"
C0183512,"Stents, Biliary"
C0228208,left parietal lobe
C0230062,Medial orbital wall
C0018798,deformity; heart
C0224620,Set of carpometacarpal joints
C0507850,wall of artery
C0265783,hypoplasia; respiratory system
C0242696,Structure of diaphysis
C0344709,Right atrial dilatation
C0205297,nodular
C1305766,Left ventricular outflow tract
C0012359,abnormal dilation
C0222608,Areola structure
C0005971,Plate
C0016109,terminal filament
C0022745,Proximal tibiofibular joint structure
C1284290,Entire hilum of left lung
C0034063,lung; edema
C0007874,Genital Cervix
C0031144,chronic peritoneal effusion
C0442106,intervertebral
C0448227,Structure of lateral malleolus of fibula
C0227130,Structure of alveolus dentalis
C0029441,benign osteoid osteoma of bone
C0206330,posterior longitudinal ligament
C0267156,Emphysematous gastritis
C0015733,fecal
C0582802,"Digit, NOS"
C0521108,Recovering
C1261120,bullous; emphysema
C0333045,"Displacement, superior"
C0224234,deltoid
C0005967,Bones--Tumors
C0447557,Structure of duct of Wirsung
C0015183,Structure of pharyngotympanic tube
C0262587,primary hyperparathyroidism due to adenoma
C1269026,Entire pulmonary artery
C0226654,set of veins of heart
C0003086,"Ankle, NOS"
C0227301,Second Portion of the Duodenum
C0577871,mitral valvular vegetation
C1578559,Intraoral surface of cheek
C0034090,Set of pulmonary veins
C0205042,Coronary artery structure
C0226737,Left gastric vein
C0027530,Neck structure
C1290884,inflammatory disease
C0183062,"Dental Posts, Endodontic"
C0229619,Hematopoietic Tissue
C3714787,Neuraxis
C0005423,Biliary tree
C1455736,auditory radiation
C0264497,"Atelectasis, complete"
C0348072,Meniscus Lateralis
C0039484,"Temporal bone, NOS"
C0333161,"Pseudocyst, NOS"
C0156290,PROSTATIC ABSCESS
C0004153,"Atherosclerotic cardiovascular disease, so described"
C0226812,Set of brachial veins
C0266298,Renal duplication
C0926861,Masticator compartment
C0037996,splenic artery
C0025299,meningocele
C0225988,small blood vessel
C0344925,Membranous Ventricular Septal Defect
C0040136,Thyroid Gland Neoplasm
C0032961,female pregnancy
C1276274,structure of soft tissues of neck
C0228312,Corona radiata of internal capsule
C0475319,pelvis; hematoma
C0341539,parastomal hernia
C0917804,Cerebrovascular arteriovenous malformation
C0038352,stomach contents
C0015811,Structure of femur
C1704247,Peritoneal cavity structure
C0085515,tendon of the shoulder joint
C0030296,Pancreatic Exocrine Secretion
C0149575,Superior Cerebellar Artery
C0584882,Infraspinatus muscle structure
C0226087,Left Common Carotid Artery
C0459928,Right inguinal canal
C0024670,Mammillary body
C0027809,Benign schwannoma
C0225477,Right sphenoidal sinus
C0206327,Set of ligamenta flava
C0027858,A tumor made up of nerve cells and nerve fibers
C0228919,Saphenous Nerve
C0227235,Cavity of stomach
C0226213,right middle cerebral artery
C0004626,Unspecified bacterial pneumonia
C0230039,Pterygopalatine fossa
C0020507,abnormal enlargement of an organ or a tissue
C1956089,"spur, bone; spur"
C0302148,"Blood clot, NOS"
C0266039,Taurodontia
C0265885,thoracic aorta diverticulum
C0206667,adenoma of adrenal gland
C0929301,Set of lactiferous glands
C0238132,bronchopleural; fistula
C0226309,cystic artery
C0332241,questionable
C0225470,Left ethmoidal sinus
C0442034,Peritoneal
C0155626,"Acute myocardial infarction, unspecified"
C0745442,Intraveneous Line
C0226958,Structure of root of tongue
C0030558,"Parietal bone, NOS"
C0267898,cholecystoduodenal fistula
C0347631,hepatic subcapsular hematoma
C1504464,persistent flow of blood into stent graft region
C0032000,Pituitary Neuroendocrine Tumor
C0459933,T1 Vertebra
C0230347,Left Upper Arm
C0010090,Intercerebral commissure
C0559769,Cavity of true pelvis
C0225536,Thyrohyoid membrane structure
C0223598,First sacral segment
C1744560,Structure of bulbar urethra
C0017638,Glial tumor
C0149579,Set of internal cerebral veins
C0332965,congenital arteriovenous shunt
C0206734,Haemangioblastoma
C0226037,Structure of circumflex coronary artery
C0410013,Soft tissue lesion
C0041341,tuberous sclerosis complex
C0162859,Common carotid artery structure
C0152018,ESOPHAGEAL CANCER
C0230064,Periocular Region
C0227029,Structure of mandibular teeth
C0024109,"Structure of lungs, unspecified"
C0230148,Structure of anterior mediastinum
C0042373,Blood-vessels--Diseases
C0152295,Cerebral White Matter
C0228187,lateral fissure
C1265741,Multiple calculi
C0242073,congestive; lung
C0225968,Visceral pericardium
C0037944,spinal narrowing
C0225758,Lower Lobe of the Lung
C0391889,"Synostosis, NOS"
C3241936,noncardiac pulmonary edema
C0001527,Yellow fat
C0226550,Internal Jugular Vein
C0032320,pneumoperitoneum
C0268407,Amyloidosis of heart
C0524469,left shoulder
C0024248,lymph cyst
C0446409,Vertebral level
C0039866,"Structure of thigh, unspecified"
C0206692,Infiltrating lobular carcinoma of breast
C0225331,Fibrous Tissue
C0006444,"Bursitis, NOS"
C0205271,irregular
C0588054,Neck Lymph Node Groups
C0205416,multinodular
C0226276,"Internal thoracic artery, NOS"
C0265205,Robinow's syndrome
C0588200,distal tibia
C0149561,"Anterior cerebral artery, NOS"
C0010678,Larval tapeworm infection
C0031110,periosteum
C0178282,"Intra-abdominal hernia, NOS"
C0229354,Left middle ear
C0460025,Upper jaw region structure
C0183514,"Stents, Esophageal"
C0235884,gastric perforation
C0225703,Anatomical apex of lung
C0934420,Nasion junction
C0179747,dialysis catheter
C3854373,Morvan
C0542331,Shunts
C0445122,Non-coronary sinus
C0447514,Part of duodenum
C0040578,Trachea/Tracheal
C0025526,Bone structure of metacarpal
C0333435,cystic degeneration
C0206620,Cystic Hygroma
C0013274,nonclosure; ductus arteriosus
C0923926,Right optic nerve
C0040421,Palatine tonsillar structure
C0010417,"CRYPTORCHIDISM, UNILATERAL OR BILATERAL"
C0224423,Obturator Externus Muscle
C0042138,uterus; tumor
C0039508,tendon
C1692886,bacterium; arthritis
C0223711,coronoid process
C0152443,diverticulum; urethra
C0007193,"heart; dilatation, cardiomyopathy"
C0228120,"Falx cerebri, NOS"
C0006736,body stone
C0448042,Condyle of humerus
C1266909,Entire bony skeleton
C1299205,Vitreous body part
C0205364,striated
C0006095,brachiocephalic vein
C1720771,hydrocele of male genital organs
C0225730,Left lung structure
C0026769,cerebrospinal; sclerosis
C3266841,Temporary Tooth
C0555850,Indwelling urethral catheter
C0180307,"FIBRILLATOR, AC"
C0332442,No pathologic diagnosis
C0227375,Ascending colon structure
C0555898,Sacroiliac
C0224521,Zygapophyseal joint structure
C0227898,ovary
C0020452,Engorgement
C0240340,microdontia
C0162485,Zygomatic arch structure
C0179760,"Catheters, Vascular, Hemodialysis"
C0392482,atrium; single
C0042449,Venous structure
C0700185,Demineralized structure
C0734759,Superior pole of left kidney
C0031050,Pericardial structure
C0225787,Left pleural cavity
C0031547,phleboliths
C0227638,perirenal fat
C0040186,tibial nerve
C0005683,Urinary bladder stone
C0444567,Orifice
C0227223,Structure of greater curvature of stomach
C0034052,Structure of trunk of pulmonary artery
C0227028,Structure of maxillary teeth
C0007279,Neoplasm of carotid body
C1305601,T10 vertebral body
C0729538,Saphenous Vein Graft
C0041618,Ultrasound imaging - action
C0447801,patellofemoral joint
C0333099,fusiform aneurysm
C0332853,"Anastomosis, NOS"
C1261046,Glenoid fossa
C0333311,"Sequestrum, NOS"
C0032046,PLACENTA PRAEVIA
C0223651,iliac crest
C0242647,mucosa associated lymphoid tissue (MALT) lymphoma
C0446412,c2 level
C0508001,Left Renal Vein
C1384670,a.umbilicalis; single
C0019564,Hippocampal structure
C0020887,"Iliac artery, NOS"
C0038529,subchondral bone cyst
C0031046,an inflammation of the membrane surrounding the heart
C0036277,Scapula/Scapular
C0223863,fabella
C0032326,free air in the chest outside the lung
C0011401,pulpal; calcification
C0229754,Structure of paratracheal lymph node
C0026691,Kawasaki
C0226362,Right Common Iliac Artery
C0227844,Endometrial cavity structure
C1322794,"Stent/Grafts, Vascular, Aortic"
C0226731,Left lobe branch of portal venous tree
C0002978,X-ray of the blood vessel
C0040124,Thyroglossal duct/cyst
C0001511,abnormal attachment of organs or body parts
C0149781,spontaneous pneumothorax
C0243069,"Hypoplasia, NOS"
C0439682,follicular
C0225971,Pericardial fat
C0223686,greater tubercle
C0030288,Pancreatic duct structure
C0227668,Left renal pelvis
C1510667,Forefoot region of foot
C0227546,Gallbladder Neck
C0521443,Lateral wall of abdomen
C0444575,Buccal space
C0439686,cirrhotic
C3163626,Structure of descending thoracic aorta
C0459697,Anterior segment of maxilla
C0223644,Anterior superior iliac spine (volume)
C0041967,Urethral structure
C0034910,red nucleus
C0035357,infection; ormond's disease
C0225706,Right lung structure
C0230195,Linea alba abdominis
C0027422,nasal bone
C1261317,Structure of transplanted kidney
C4319771,Affected area
C0025990,mandible; hypoplasia
C0003489,aortic arch
C0020564,enlargement
C1412002,walking pneumonia
C0221209,congenital pelvic kidney
C0344730,"Sinus venosus atrial septal defect, unspecified"
C0264972,hepatic artery aneurysm
C0179802,"Catheters, Urinary"
C0032994,ECTOPIC PREGNANCY TUBAL
C0006090,Brachial nerve plexus
C4551649,Developmental Dysplasia of Hip
C0003504,aorta; incompetency
C0311438,exudative
C0149601,medullary cone
C0333203,"Thrombus, occlusive"
C0226901,Hard palate structure
C0546019,Set of basal ganglia of left cerebral hemisphere
C0032285,PNEUM
C0014856,Esophageal fistula (diagnosis)
C0226864,transverse sinus
C0018817,"closure; incomplete, septum, interauricular"
C1282299,Epiphysis of femur
C0264361,Traction bronchiectasis
C0582821,lateral rectus
C0230329,Structure of right upper limb
C0034885,rectal tumor
C4476767,Diffuse alveolar hemorrhage
C0024090,Back of abdomen
C0457354,gonadal vein
C0008340,Cyst of the ductus choledochus
C0030785,PELVIS ABSCESS
C0227423,Anal Margin
C0205287,membranous
C0230388,Hand Digit 2
C0007281,"Carotid sinus, NOS"
C0006141,Breast structure
C0034086,"Pulmonic valve, NOS"
C0085268,bone remodeling
C0235946,cerebral atrophy
C0476089,uterine endometrial cancer
C0227386,Transverse colon structure
C0588211,distal humerus
C0025066,Mediastinal part of chest
C1504506,Patella alta
C0010276,[M]Craniopharyngioma
C0336700,Bullet fragment
C0333186,"Restenosis, NOS"
C3854330,gastric band
C0034186,bacterial infection of the kidney
C0041602,"Ulnar nerve, NOS"
C0226300,Common Hepatic Artery
C0559523,tuberculosis genital
C0040456,tooth impaction in bone
C0003864,"Arthritis, unspecified, site unspecified"
C1368910,TERATOMA MATURE CYSTIC
C0011429,Dentin structure
C0230203,Structure of parietal serous membrane of peritoneum
C0226025,Structure of infrarenal aorta
C0228161,left lateral ventricle
C3163918,Tumor thrombus
C0223724,Bone structure of scaphoid
C0040996,"Trigeminal nerve, NOS"
C0035561,rib
C0224417,iliopsoas
C0234108,summation
C0014068,cerebromalacia
C0391978,Bone (tissue) structure
C0011373,Implantable dental prosthesis
C0235974,PANCREATIC CANCER
C0014742,"Erythema multiforme, unspecified"
C0222760,Greater horn
C0018920,[M]Cavernous hemangioma
C0456480,Anterior ethmoid sinus
C0229089,right eye
C0441127,Balloon Catheter
C0018188,"Granuloma, NOS"
C0730166,Fifth metacarpal
C3266688,Cephalometric menton point
C0223085,Set of intervertebral foramina
C0021368,"Inflammation, NOS"
C4281599,Left knee
C1305611,L4 vertebral body
C0040300,Portion of tissue
C0034896,Rectum structure
C0003962,hydrops; abdominis
C0446417,Level of the seventh cervical vertebra
C0446413,Level of the third cervical vertebra
C0450102,Optic canal structure
C0227617,Perinephric Fat
C0040761,Transposition of the great arteries
C0205312,papillary
C0224146,Medial pterygoid
C0149543,Basicranium
C4551691,"Urethral stricture, unspecified"
C0225478,Left sphenoidal sinus
C1305603,T12 vertebral body
C0410005,pseudosarcomatous; fibromatosis
C0007966,Buccal part of mouth
C1608329,"Scanning Systems, Computed Tomography, Axial"
C0001625,Set of adrenal glands
C0150595,"Tubes, Gastrostomy"
C0014871,Gastro-oesophageal junction
C0017189,gastrointestinal (GI) tract
C0231459,Medial rotation - action
C0558362,sinusitis; all sinuses
C0919267,ovary; tumor
C0162869,Ruptured Aneurysm
C1268089,Entire viscus
C0333046,"Displacement, lateral"
C0442044,ulnar
C2004491,Healing scar
C0332482,distortion
C0729594,Set of axillary lymph nodes
C0206365,collateral ligament
C0026264,Mitral valve structure
C0019560,Artificial hip joints
C0162475,Distomolar supernumerary tooth
C1265786,unilocular cyst
C0184149,NEPHROSTOMY TUBE
C0225899,Structure of myocardium of left ventricle
C0227902,Structure of left fallopian tube
C0457113,Left atrial appendage
C0226504,Venous Sinus
C2973725,hypertension; lesser circulation
C0230193,Anterior abdominal wall structure
C0016059,Fibrous thickening
C0152392,Brachium Pontis
C0224512,syndesmosis
C4706713,Structure of right common femoral artery
C0223645,Anterior inferior iliac spine (volume)
C0183663,"Stylet, NOS"
C0226711,Left ovarian vein
C1178870,right buttock
C0040053,Thrombotic disorder
C0009450,RNDx infection unspecified
C0017651,extended pallidum
C0036186,Saphenous vein structure
C0994163,MRCP
C0008812,Structure of circle of Willis
C0024005,lordosis; postural
C0259779,Jaffe-Lichtenstein
C0475278,Large tumour
C0005695,Bladder--Tumors
C0224853,Distal tendon
C0267467,Colonic intussusception
C0242694,soleus
C0014038,cerebral; inflammation
C0475022,renal hematoma
C0021308,"Infarct, NOS"
C0003483,Aortic structure
C0152281,Frontal Horn of the Lateral Ventricle
C0020498,ANKYLOSING VERTEBRAL HYPEROSTOSIS WITH TYLOSIS
C0343230,"Ganglion, unspecified knee"
C0023884,Structure of liver
C1281569,Entire colon
C0230185,Epigastric region structure
C0428791,calcific aortic stenosis
C0439688,atelectatic
C0227486,Structure of left lobe of liver
C0227282,Structure of duodenojejunal flexure
C0243065,aplasia
C0227544,Gallbladder Fundus
C0226045,Structure of ostium of right coronary artery
C0206062,"Interstitial pulmonary disease, unspecified"
C1184923,Lumbar hyperlordosis
C0392464,aneurysm; ventricle
C0042458,Inferior Vena Cava
C1510668,Ventriculus
C0018916,Hemangioma - morphology
C0152336,head of the caudate nucleus
C0459414,central canal of the medulla
C0162858,"Ulnar artery, NOS"
C0027059,inflammation; myocardium
C0229118,Bilateral Eyes
C0223185,Structure of body of seventh cervical vertebra
C0456973,Hilar lymph node enlargement
C0226214,Left middle cerebral artery
C0730169,Distal radio-ulnar joint
C0443294,ruptured
C0152319,Structure of splenium of corpus callosum
C0223866,lesser trochanter
C0576463,Entire middle phalanx
C1285517,Orbital fat structure
C0227793,Structure of upper third of vagina
C0006111,brain conditions (non-specific)
C0035298,Retinal structure
C0018023,struma; nodular
C0226920,retromolar trigone
C0235833,"diaphragm; defect, congenital with hernia"
C0006142,"Malignant neoplasm of breast, unspecified part"
C0333222,septic embolism
C0332835,Transplant
C0011119,diver's; paralysis
C0026649,body movement
C1522460,Thoracic aorta structure
C0162857,"Radial artery, NOS"
C1277187,Left Ventricular Systolic Dysfunction
C0041445,eardrum
C0229815,Structure of external iliac lymph node
C0023078,"Structure of larynx, unspecified"
C0224577,Mandibular symphysis
C0022656,cortical; necrosis
C0224159,Mylohyoid
C0340030,pleura; plaques
C0014850,Imperforate oesophagus
C0446986,Left coronary sinus
C0226261,Right Subclavian Artery
C0401119,lumbar hernia
C1621958,glioblastoma multiforme (GBM)
C0226742,Superior Mesenteric Vein
C0267941,Acute necrotizing pancreatitis
C0278460,Mitral area
C0739481,Left common iliac vein
C2336763,Orbitale
C0020663,"Hypothalamus, NOS"
C0149562,Anterior Communicating Artery
C0153676,metastasis of malignant neoplasm to lung
C0443301,sequestration
C0227149,Pharyngeal wall structure
C1305729,Name nicht gefunden
C0225832,Auricle of atrium
C0225754,Both lungs
C1299533,Linear foreign body
C0224231,teres minor
C0205358,soft
C0005682,Urinary bladder structure
C0029939,Ovarian structure
C1269845,hemidiaphragm
C0227543,Subhepatic area
C0011906,"Diagnosis, Differential"
C0226398,"External iliac artery, NOS"
C1185738,column
C0595695,PeriarticularRoute
C0003486,aneurysm; aorta
C0439708,mucous like form
C0031939,Pineal structure
C0441478,Advancement - action
C0014859,Esophagus--Tumors
C1261287,abnormal narrowing
C3495801,Wegener
C0031090,disease (or disorder); periodontal
C0013922,Embolisms
C0224347,pectoralis minor
C0227060,Left lower first premolar tooth
C0225883,Right cardiac ventricular structure
C0587240,erosion; bone
C0006094,Innominate Artery
C0155843,retropharyngeal; abscess
C0746552,MESENTERIC LYMPHADENOPATHY
C0222331,Subcutis
C0028977,Omental
C0042149,Uterine structure
C0446434,Level of the third lumbar vertebra
C0222600,Right breast structure
C0015302,ear blockage caused by overgrown bone
C0029078,ophthalmic artery
C0034518,"Radial nerve, NOS"
C0227560,Left main liver duct
C0002638,amniotic fluid
C0442603,office
C0034088,Pulmonary Valvular Regurgitation
C0442031,pericardial
C5203670,COVID-19 (Coronavirus Disease 2019)
C0206698,Cholangiosarcoma
C0038925,flap created in surgery
C0334641,"Malignant Lymphoma, Large Cell, Cleaved"
C0206727,Nerve Sheath Neoplasm
C0521515,calcific tendonitis
C0225844,Right sided atrium
C0038293,Sternum/Sternal
C0041295,"Tuberculoma, NOS"
C0230097,waist
C0699790,Carcinoma of colon
C0521110,Accelerate
C0227582,Structure of body of pancreas
C1383860,Hypertrophic;heart
C3887499,Kidney Cyst
C0226802,Cephalic Vein
C0226801,Basilic Vein
C0011168,"Dysphagia, unspecified"
C0028784,"Occipital bone, NOS"
C0227628,Structure of parenchyma of kidney
C0238212,perinephric abscess
C0015028,Ethmoidal sinus
C0036205,sarcoidosis with lung involvement
C0578736,enlarged inguinal lymph node
C1956110,Cone beam CT
C2239273,Supraglottic part of larynx
C0006104,Brain structure
C0740690,ABSCESS MULTIPLE
C0039103,"Synovitis, NOS"
C0265677,half vertebra
C0037922,Spinal canal structure
C0031266,Petrous Apex
C3160858,Reversible Posterior Leukoencephalopathy Syndrome
C0155773,Primitive portal vein thrombosis
C0230139,"Cavity, Chest"
C0025064,Inflammatory disorder of mediastinum
C0227666,Renal pelvis structure
C0584895,Set of hamstring muscles
C4302819,Cystic nodule
C0230128,Left hemithorax
C0205318,uncontrolled
C0225949,Structure of leaflet of mitral valve
C0004454,Structure of axillary fossa
C0029130,Optic nerve structure
C0038359,"Gastric volvulus, NOS"
C0227054,Left lower third molar tooth
C0553730,"Chondrocalcinosis, due to pyrophosphate crystals, site unspecified"
C0677542,Frozen
C0225870,Interventricular septum structure
C0192389,dilation of esophagus due to disease
C0004811,"Basilar artery, NOS"
C1280324,Entire hepatic duct
C0018994,Haematobilia
C0226262,Left Subclavian Artery
C0543478,Residual Disease
C0007570,celiac idiopathic steatorrhea
C0003943,Arytenoid
C0447562,mesorectum
C0029464,Increased bone mineral density
C1285116,Right hip joint
C0225432,Internal Nare
C0011443,DENTITION
C0736268,Hepatic Tissue
C5392833,Name nicht gefunden
C0085808,Mycotic Aneurysm
C0225266,Iliotibial Band
C1269890,Entire right atrium
C0222601,Left breast structure
C1284911,Entire left thorax
C0450965,Central pulmonary arteries
C0230283,pelvic outlet
C0222721,hypoglossal canal
C0230150,Structure of posterior mediastinum
C0226310,Right gastric artery
C0225847,Structure of right coronary sulcus
C0226764,Internal Iliac Vein
C0205076,Wall of thorax
C0226896,Cavity of mouth
C0008841,Cerebellomedullary cistern
C0227579,Structure of head of pancreas
C0013444,External acoustic tube
C0037579,SOFT TISSUE TUMOR
C0038257,stent
C0206650,fibroadenoma; unspecified site
C0460004,Structure of head and/or neck
C0226754,Inferior Mesenteric Vein
C0948441,Veno-Occlusive Disease
C0521618,Ureteric stenosis
C0030274,Structure of pancreas
C0030297,pancreatic tumor
C0006255,Bronchus/Bronchial
C0017639,Fibrillary gliosis
C0040408,Tongue structure
C1699633,PET scan and CT scan
C0037926,spinal cord; pressure
C0040067,Hand Digit 1
C0015029,ethmoiditis
C0031354,"Structure of pharynx, unspecified"
C0268800,Simple Cyst of Kidney
C0038593,Talocalcaneal joint
C0347634,Haematoma of spleen
C0225752,Lung Lobe
C0447612,Wall of vagina
C0015914,impregnation
C0333190,Name nicht gefunden
C0039685,tetralogy; Fallot
C0154844,retina; separation of layers
C0230377,Both hands
C0856747,aorta ascendens; aneurysm
C0032131,malignant plasmacytoma
C0022650,Renal Stone
C0227665,kidney
C0009438,Common Bile Duct Stone
C0226363,Left Common Iliac Artery
C0018965,blood; urinary
C0042459,Superior Vena Cava
C0011350,Enamel structure
C0032652,popliteal vein
C0836916,Wall of abdomen proper
C0489886,left subclavian vein
C2937358,"Intracerebral haemorrhage, unspecified"
C0019829,Hodgkin
C0007458,Cauda equina structure
C0520912,intestinal gas
C0230151,Costodiaphragmatic recess
C0227590,Structure of tail of pancreas
C0152240,duplex; uterus
C0010031,outer coat of the eyeball
C1261473,Soft tissue sarcoma
C0020541,Portal hypertension syndrome
C0029453,generalized osteopenia
C0011649,Dermoid tumor
C3489393,Hiatus hernia (diagnosis)
C0341676,Dilatation of the renal pelvis
C0024117,"respiratory tract; disorder, chronic, obstructive"
C0226682,Superior left pulmonary vein
C0182494,prosthetic mitral valve
C0014124,Endocardium structure
C0224453,semitendinosus
C0742078,CEREBRAL MASS
C0225892,Right Ventricular Outflow Tract
C0011646,Dermis structure
C0223522,L3 Vertebra
C0728985,Skeletal system of neck
C0227614,Left kidney structure
C0023317,Lens clear
C1261077,left lower lobe
C0949022,Neoplasm malig;rectum
C4317009,Disease;diverticular;intestine
C0015426,Set of eyelids
C0036036,Sacro-iliac joint
C0032044,"Placenta accreta, NOS"
C0162864,"Tunica intima of vessel, NOS"
C0266270,Pancreas divisum (diagnosis)
C0009195,"Cochlea, NOS"
C0227498,Transverse Fissure
C0582124,neurostimulator device
C0738590,right hypochondrium
C0224086,belly of bone muscle
C0022408,osteoarthrosis; joint
C0020888,Iliac vein structure
C0266025,Ectopic teeth
C0007137,CARCINOMA SQUAMOUS
C0025062,pneumomediastinum
C0524414,"Condyle, NOS"
C0226383,Internal pudendal artery
C0222682,Phalanges
C0028881,Odontoid process of axis
C0029965,ovulation
C0226247,Right posterior cerebral artery
C0226333,Left Renal Artery
C0403379,emphysematous pyelonephritis
C0038530,"Subclavian artery, NOS"
C0739480,Right common iliac vein
C0393956,Posterior cerebral circulation infarction
C0034606,Nuclear Scans
C0878515,"Hydrocephalus, internal"
C0042591,Vessel
C0239137,Hip joint valgus deformity
C0037004,"Structure of shoulder region, unspecified"
C0230010,Wall of temporal fossa
C0013075,Recto-Vaginal Pouch
C0936236,Structure of corticospinal tract
C1269894,Entire left atrium
C0549224,frontal region
C0228673,Optic nerve sheath structure
C0230460,Right Foot
C0227637,Gerota Fascia
C0007177,heart tamponade
C0020614,"Hypoglossal nerve, NOS"
C0206754,Neuroendocrine Neoplasm
C0280131,Ovarian germ cell teratoma
C0749225,SYSTOLIC DYSFUNCTION
C0024623,Malignant gastric tumor
C0032019,Pituitary Gland Neoplasm
C0224868,Structure of tendon of supraspinatus muscle
C0442037,Popliteal
C0224498,meniscus
C0577799,tricuspid valvular vegetation
C0231953,lung volume
C0019066,Haemoperitoneum - non-traumatic
C0226331,Superior rectal artery
C0024959,antritis
C0729619,Computed tomography technique
C0334121,Inflammatory pseudotumour
C0400979,Biliary system obstruction
C0222716,wormian bones
C0016734,Frontal sinus structure
C0149576,"Posterior cerebral artery, NOS"
C0040961,tricuspid (valve); incompetency
C0152101,left heart syndrome; hypoplasia
C0224418,iliacus
C0270774,myelomalacia
C0221248,tophus due to gout
C0442800,enlarged
C0226156,"Internal carotid artery, right"
C0277785,Pathophysiology
C0230445,Posterior part of leg
C1301827,in transit
C0042341,scrotal varicocele
C1305610,L3 vertebral body
C0456938,Fossa ovalis
C0151465,nephritic; abscess
C0205417,lobular
C0458351,Median plane
C0585008,Dilation of the biliary system
C0456269,Paraaortic Region
C2350242,osteoarthrosis; spine
C0224794,subdeltoid bursa
C0447122,Venous trunk
C0238199,Volvulus of small bowel
C0376381,Bone of cuboid bone
C0162342,Set of lentiform nuclei
C0227457,Left parotid gland
C1261080,Right posterior cusp of aortic valve
C0034193,Antrum Pylori
C0230416,Structure of left lower limb
C0225273,hunter's canal
C0840564,Urinary bladder rupture
C0272407,spleen; cyst
C0010482,Structure of canine tooth
C0229218,Ganglion Cell Layer
C0348073,Meniscus Medialis
C0012813,"Diverticulitis, NOS"
C0302144,mucoid impaction
C0333205,mural thrombus
C0010271,Set of dural venous sinuses
C0225206,Structure of thoracolumbar fascia
C0440746,brain tissue
C2919848,Os odontoideum
C0036098,Salivary structure
C0264499,Compression atelectasis
C0230141,Cavity of left hemithorax
C0224828,"Suprapatellar bursa, NOS"
C0269102,Ovarian Endometriotic Cyst
C0007272,Carotid artery structure
C0226027,Bifurcation of aorta
C1261074,right upper lobe
C1305609,L2 vertebral body
C0025465,Mesenteric artery structure
C0224174,Middle scalene
C3887532,Ulceration
C0037154,Simple atrophy
C0016733,Frontal lobe structure
C0574960,Sacroiliac joint inflamed
C0230065,Retro-Orbital Region
C0228398,Structure of periaqueductal gray matter
C0729936,Intracardiac
C4281590,right middle lobe
C0149520,acute; cholecystitis
C0519097,aneurysm of left ventricle
C0230136,intercostal space
C0012621,Fluid Discharge
C0007461,"Caudate nucleus, NOS"
C0448197,Lateral condyle of femur
C0019655,histoplasmosis; Darling
C0266393,extra; uterus
C0031066,Perineal structure
C0225950,Anterior Cusp of the Mitral Valve
C0225469,Right ethmoidal sinus
C0024687,Bone structure of mandible
C0700198,Aspiration
C0431384,colpocephaly
C0243026,generalized; infection
C0948008,Ischaemic stroke
C0002895,sickle cell-hemoglobin SS disease
C0243001,ABDOMEN ABSCESS
C0344482,Hypoplasia of the corpus callosum
C0007282,carotid artery stenosis
C0226863,Structure of confluence of sinuses
C0446497,right iliac fossa
C0032639,Pons Varolii
C0227481,Structure of right lobe of liver
C0007113,rectum; carcinoma
C0014858,Dysmotility;oesophageal
C0370199,Specimen obtained by aspiration
C0446424,Level of the sixth thoracic vertebra
C0341698,kidney; degeneration
C0344720,Left atrial dilatation
C0448353,Deep muscle of back
C0224349,serratus anterior
C0344893,RIGHT VENTRICULAR DILATATION
C0003617,appendix organ
C0446501,Paravertebral area
C0582820,medial rectus
C0224319,multifidus
C0270612,White matter disease
C0264733,Cardiac ventricular dilatation
C0333277,Subacute hemorrhage
C0040399,Single photon emission computed tomography - action
C0225298,Retropubic space
C0149825,Adenoidal hypertrophy
C0037199,sinus; inflammation
C0332558,calcified nodule
C0224378,transversus abdominis
C0042171,Heerfordt
C0226758,Common Iliac Vein
C0224449,biceps femoris
C0451899,"stenosis; neural canal, osseous"
C0262627,seroma
C0206332,patellar tendon
C0020885,Ileal structure
C0023370,Leriche
C0439850,inverse
C0225778,Portion of pleural fluid
C0230005,Occipital region structure
C0235782,Carcinoma;gall bladder
C0036525,Metastatic
C0238441,subglottis stenosis
C0581269,All thoracic vertebrae
C1265763,Cystic dilatation
C0336699,bullet
C3472245,Single Photon Tomography and Computed Tomography Scan
C0016522,persistent; foramen ovale
C0007134,Renal cell carcinoma - morphology
C1235681,Distal tendon of biceps brachii
C0000833,Abscess morphology
C0027061,Myocardium structure
C0034074,infarction; lung
C0932074,midfoot
C0520562,"Dilatation of intestine, NOS"
C0018220,Gray matter of neuraxis
C1305912,Name nicht gefunden
C0010668,Congenital pulmonary airway malformation
C0029126,Structure of optic chiasma
C0549423,Non-Communicating Hydrocephalus
C0004781,Set of basal ganglia
C0225425,endonasal
C0020417,hyoid
C1282208,preseptal cellulitis
C0149507,cellulitis; orbit
C0004455,"Axillary artery, NOS"
C0446428,Level of the tenth thoracic vertebra
C0010323,Cricoid cartilage
C1305727,Circumflex artery
C0019080,Bleeding/haemorrhage nos
C0007275,External Carotid Artery
C0227188,Thoracic esophagus structure
C0333062,hernia sac
C0459951,T4 Vertebra
C1265766,Aneurysm thrombosis
C0007301,Set of cartilages
C0206635,myelolipoma of fatty tissue
C0010672,cystic duct
C0016520,Foramen of Monroe
C0225357,Muscularis Mucosa
C0524812,"Intracranial hypotension, unspecified"
C0006121,brainstem
C0085648,"Synovial cyst, unspecified"
C0018948,Haematometra
C0227147,Retropharyngeal compartment
C0333044,retroflexion
C0152341,Internal capsule structure
C0042384,infection of the blood vessel
C4551683,Adrenal pheochromocytoma
C0206702,Hilar Cholangiocarcinoma
C1541124,PYLORIC OBSTRUCTION
C0225064,Coracohumeral ligament
C0015300,eyes bulging out
C0449900,test using a constrast medium
C5244027,COVID-19 pneumonia
C1704302,Structure of premolar tooth
C0227221,Structure of lesser curvature of stomach
C1321506,Left anterior descending artery
C0459957,T12 Vertebra
C1800706,"fibrosis; lung, idiopathic"
C0228207,right parietal lobe
C0023903,Liver--Tumors
C0595944,Structure of anterior naris
C3165062,Iliac vein compression syndrome
C0041951,Ureteric structure
C0001074,Achilles
C0458098,lateral line
C0446438,S1 level
C0037885,Sphenoid sinus structure
C0446423,Level of the fifth thoracic vertebra
C0227011,Collum Dentis
C0025202,Melanoma syndrome
C0224444,vastus lateralis
C0226723,Right ovarian vein
C0447620,Wall of uterus
C0447274,Entire permanent maxillary right lateral incisor tooth
C0223155,Structure of body of fifth cervical vertebra
C0458624,Tunica albuginea
C0006382,Atrioventricular bundle structure
C0032743,Positron emission tomographic imaging - action
C0333034,Opaque foreign body
C0034014,Bone of pubis
C1533572,Forefoot
C0224424,Gluteus Maximus
C5231045,Structure of prostatic artery
C0333980,Hepatic focal nodular hyperplasia
C0180499,"Drain, NOS"
C0007144,the uppermost part of the stomach
C0224429,piriformis
C0227667,right renal pelvis
C0458450,Prostatic urethra structure
C0019145,"Hepatic artery, NOS"
C0738591,Left hypochondrium
C0028429,"Structure of nose, unspecified"
C0230137,Superior Thoracic Aperture
C0559359,bone bruise
C0588205,Proximal radius
C0041952,Ureteric stone
C0581385,lymph node; calcification
C0007276,Internal Carotid Artery
C0042276,"Vagus nerve, NOS"
C0005558,Biopsy - action
C0020889,Iliac
C0225973,Portion of pericardial fluid
C0018802,congestive; heart
C0206069,"Glove, NOS"
C0224422,Obturator Internus Muscle
C0033785,"Pseudoarthrosis, NOS"
C0032310,pneumonia; virus
C0230171,Flank structure
C0030471,paranasal sinus cavity
C0001162,Vestibulocochlear nerve structure
C0230259,Greater omentum structure
C0268804,hydroureteronephrosis
C0227327,Structure of distal portion of ileum
C4511687,intraductal papillary mucinous neoplasm of the pancreas
C0228515,Set of cerebellar peduncles
C0040126,thyroid cartilage
C0700318,Thibierge-Weissenbach
C0230132,Surface region of front of chest
C0226633,Set of internal thoracic veins
C0036624,Structure of lunate bone
C0023798,Lipoma of unspecified body site
C0238045,Caroticocavernous sinus fistula
C0039538,"Teratoma, NOS"
C0028259,"Nodule, NOS"
C0460005,"Structure of trunk, unspecified"
C1264047,Abdominal lymphadenopathy
C0222671,Structure of metaphysis
C0748428,RIGHT ATRIAL THROMBUS
C0333288,"Hemorrhage, dissecting"
C0179781,"Catheters, Peritoneal"
C0450964,aortic graft
C0224848,"Flexor tendon, NOS"
C1378703,carcinoma of kidney
C0226109,Facial Artery
C0029445,"Osteonecrosis, unspecified"
C0151699,Unspecified intracranial hemorrhage
C0446569,Joint line of knee
C1321756,"Achalasia, NOS"
C0182400,Probe Device
C1444214,Impatent structure
C0225569,Left vocal cord structure
C1609519,Myelolipoma of adrenal gland
C1272681,Under consideration
C0225460,Right frontal sinus
C0226400,"External iliac artery, left"
C0226323,Ileo-Colic Artery
C0453910,Hold ups
C3887615,Lumbar Spine
C0410574,hypertrophy; synovium
C0226047,posterior interventricular artery (PIV)
C0392508,spigelian hernia
C0582800,Femoral Condyle
C0030352,papillary muscle
C0149630,bicuspid
C0223656,Tuberosity of ischium
C0156273,Diverticulum of urinary bladder
C0028882,Benign odontoma
C0087086,blood clot
C0039263,Takayasu
C0225810,Basal zone of heart
C0553656,cellulitis of peritonsillar region
C0024764,Manubrium of sternum
C2960678,Periodontal route
C0400997,Bile leak
C1275670,Collateral branch of vessel
C0346306,PITUITARY MICROADENOMA
C1561643,"Chronic kidney disease, unspecified"
C0263628,Familial tumoral calcinosis
C0039979,Thoracic duct structure
C0346308,Pituitary Neuroendocrine Tumor/Macroadenoma
C0264112,Vertebral wedging
C0230447,right ankle
C0036270,Scalp (Anatomy)
C0494165,metastasis of malignant neoplasm to liver
C0027442,Nasopharyngeal structure
C0228188,Sulcus Centralis
C0584640,tibial plateau
C0020538,high; arterial tension
C0013455,Middle ear structure
C0270680,brainstem compression
C0446416,Level of the sixth cervical vertebra
C0268842,vesicocolic; fistula
C0439859,autologous
C0475224,Ischaemic
C0332459,"Compression, NOS"
C0333372,"Cavity, abscess"
C0459917,Intercostal Artery
C0040583,stricture; trachea
C1261316,"Right coronary artery, NOS"
C0007473,cavernous sinus
C0021851,Structure of large intestine
C0226408,Set of lumbar arteries
C0238792,Lesion of bone
C1282952,enthesitis
C1282007,Pulmonary artery branch
C0012817,"Diverticulum, NOS"
C0158266,Intervertebral Disc Degenerative Disorder
C1285115,Left hip joint
C0226708,Left hepatic veins
C0223603,Lumbosacral vertebral column
C0448194,Distal femur
C0228576,Dorsal funiculus of spinal cord
C0026683,Mucus Cyst
C0346990,peritoneal carcinomatosis
C0009917,"Contracture of muscle, unspecified site"
C0042425,Structure of ampulla of Vater
C0230060,Floor of orbit
C0021494,"Injections, Intravenous"
C0034089,pulmonary valve; stricture
C0750929,CHIARI MALFORMATION TYPE I
C0002708,amygdala
C0699752,review of
C0876998,intracardiac; thrombosis
C0226406,Inferior phrenic arteries
C0038536,subcutaneous; emphysema
C0004526,Azygous vein
C0226091,"External carotid artery, right"
C0036471,Scrotum/Scrotal
C0227710,Lumen of urinary bladder
C0003087,Joint of ankle
C1290344,Non-specific interstitial pneumonia
C0265699,Morgagni diaphragmatic hernia
C0007847,Malignant Cervical Neoplasm
C0085590,"Catheter, NOS"
C0228219,left occipital lobe
C0524470,right hip
C0205239,dissecting
C0930339,Mandibular notch
C0446432,Level of the first lumbar vertebra
C0152445,Hydrocholecystis
C1299991,measurement method
C0224169,Longus Colli
C0225928,Tricuspid leaflet
C0748427,right atrial enlargement
C0012624,"discitis, diskitis"
C0183622,Stools
C0022680,"cyst; kidney, multiple"
C0521174,microcalcifications
C0678222,breast cancer diagnosis
C0025058,"Median nerve, NOS"
C0206187,extrahepatic biliary tree
C0024904,"Unspecified mastoiditis, unspecified ear"
C0225261,"Iliac fascia, NOS"
C0039433,Tectum structure
C1562547,"Chest, abdomen, and pelvis"
C0003707,Arachnoid structure
C0266387,bicornis; bicornate uterus
C0225759,"Lung field, NOS"
C1134719,Name nicht gefunden
C0228175,Right cerebral hemisphere structure
C0226364,Internal Iliac Artery
C0222681,"Epicondyle, NOS"
C0686907,Consequence
C0022427,jugular vein
C0447550,Intrahepatic duct
C0242216,Biliary system stone
C0222665,Structure of distal epiphysis
C0027437,"Nasolacrimal duct, NOS"
C0520743,MEDIASTINAL LYMPHADENOPATHY
C0021853,"Structure of intestine, unspecified"
C2051831,pectus excavatum (funnel breast)
C1704356,enchondroma
C0007764,Cerebellopontile angle
C0023895,Liver and Intrahepatic Bile Duct Disorder
C0178802,Pleural cavity structure
C0752244,cyst; Rathke
C0230184,Lower quadrant of abdomen
C0700374,Palatal structure
C0019294,inguinalis; hernia
C0032584,polyp
C1313971,Name nicht gefunden
C0222660,Trabecular bone (tissue)
C0222652,cortical bone
C0230463,Structure of sole of foot
C0281361,Pancreatic Adenocarcinoma
C0175751,neck collar
C0019552,Hip region structure
C0580863,Vascular structure of kidney
C0039597,Testicle(Testis)
C1283694,Wall of intestine
C0332265,demonstrable
C0042460,Structure of vena cava
C1268229,Sublingual space
C0448011,mental foramen
C0224517,Gomphosis structure
C0038020,Name nicht gefunden
C0340648,coronary artery dissection
C0224941,Tendon of quadriceps femoris
C0229427,mastoid air cells
C1265877,Pathologic mineralization
C0039147,syrinx
C0446414,Level of the fourth cervical vertebra
C0747635,bilateral pleural effusion
C0226694,left superior vena cava
C0020295,Unspecified hydronephrosis
C0026764,multiple myeloma (MM)
C0226366,"Internal iliac artery, left"
C0017681,Glottis structure
C0224549,anterior fontanelle
C0017636,"Glioblastoma, Not Otherwise Specified"
C0029405,type I neurofibromatosis in bone
C0226455,Deep artery of thigh
C0036700,Septum pellucidum structure
C0497156,"Enlargement of lymph nodes, NOS"
C0226017,Left posterior aortic sinus
C0034015,Symphysis pubis
C0026369,Third molar tooth
C2711599,Secondary lower incisor tooth
C0456944,"Coronary sinus, NOS"
C0524468,right shoulder
C0026267,"floppy; syndrome, mitral valve"
C0224497,joint space
C0010633,Cystadenoma NOS
C3714636,pulmonitis
C0023759,Labial part of mouth
C1305188,Right colon structure
C0227300,Duodenal ampulla structure
C0037928,disease (or disorder); spinal cord
C0439664,Necrotising
C2919452,Venous stent
C0032005,Pituitary structure
C0446472,Lateral chest wall
C0225377,Upper respiratory tract cavity
C0205207,cystic
C0025160,dilatation; colon
C0001430,tumor of the gland
C0042930,Pair of vocal folds
C0225641,Structure of bronchus of left lower lobe
C0025589,Set of metatarsophalangeal joints
C0301559,Screws
C0037303,Set of bones of cranium
C0588198,proximal tibia
C0270629,abscess; extradural
C0227047,Left upper first premolar tooth
C0031099,parodontitis
C0226727,Portal venous system structure
C0559260,inborn scoliosis
C0582818,superior rectus
C0230284,Pelvic wall structure
C0584646,Musculotendinous junction
C0035359,back of the abdomen cavity
C0226298,Left gastric artery
C0026976,TRANSVERSE MYELITIS ACUTE OR SUBACUTE
C0221224,"Invagination, NOS"
C0016052,Fibromuscular dysplasia of wall of artery
C0559884,Bicipital line
C0233568,akinetic
C0432593,varus; deformity
C0027088,Myometrial structure
C0040405,CT
C0016504,Foot structure
C0018792,upper chambers of the heart
C0019116,stopping bleeding
C0228126,Leptomeninges structure
C0155919,Acute pulmonary edema syndrome
C0225929,Structure of anterior leaflet of tricuspid valve
C1704272,benign prostatic hyperplasia (BPH)
C1264108,Aortic lymphadenopathy
C0227613,Right kidney structure
C0027432,"Nasal septum, NOS"
C0449434,femoral component
C0278403,Subcutaneous tissue structure
C0226086,Right Common Carotid Artery
C0013609,local; edema
C0266200,MICROCOLON
C0745283,infectious process
C0684550,vertebral metastasis
C0729728,FEMORAL ARTERY PSEUDOANEURYSM
C0448363,Entire multifidus muscle
C0229665,"Blood, arterial"
C0035353,retrognathia
C0206633,angiomyolipoma
C0013303,Duodenal structure
C0446606,Subphrenic fossa
C0020629,Hypopharyngeal structure
C0240708,Pericardial calcification
C0342649,VASCULAR CALCIFICATION
C0243066,"Atresia, congenital"
C0230278,True pelvis
C0447373,Distal root of tooth
C0225043,Inguinal ligament structure
C2945625,"TUBES,FEEDING"
C0267716,incisional abdominal hernia
C0014013,chest; abscess
C0022378,Jejunal structure
C0227048,Left upper second premolar tooth
C3266689,Cephalometric articulare point
C0225630,Left Main Bronchus
C0008325,gallbladder; inflammation
C0230361,Left forearm
C0443215,fibrinous
C0227690,Bilateral ureters
C0040960,"Heart Valve, Tricuspid"
C0446470,Lower chest
C0035878,Round window of petrous part of temporal bone
C0522562,"Multilocular cyst, NOS"
C0508000,Right Renal Vein
C0014180,mucous membrane lining inside the uterus
C0031039,effusion; pericardium
C0446908,Mastoid process of skull
C0152283,structure of inferior horn of lateral ventricle
C0181598,left ventricular assist device
C0007787,attack; transient
C0007793,Cerebral peduncle structure
C0333559,"Infarct, lacunar"
C0264358,Cylindrical bronchiectasis
C0205378,vesicular
C0015641,Fascia cluster
C0226669,"Right pulmonary vein, NOS"
C0018120,Follicle of ovary
C0000962,Acetabular part of hip bone
C0582240,Rib margin
C0080310,left ventricular function
C0019569,megacolon; Hirschsprung
C0040588,Tracheo-esophageal fistula
C0226088,carotid bifurcation
C0022907,"Lacrimal gland, NOS"
C0229289,Lacrimal sac structure
C0038541,Subdural space structure
C0333229,"Accumulation of fluid, NOS"
C0202657,"Computed tomography, limited or localized follow-up study"
C0228150,Ambient Cistern
C0332250,tubercular
C0013687,"Effusion, NOS"
C0149721,hypertrophy of left ventricle
C0018801,Weakness;heart
C0460026,Zone of mandible
C1305775,Portal vein
C1261076,left upper lobe
C0158570,vascular malformation
C0024121,Lungs--Tumors
C0238408,Rectus Sheath Hematoma
C0004457,Bone structure of axis
C0015385,Extremities (Anatomy)
C0238207,ectopia; kidney
C0042559,"Vertebral artery, NOS"
C1522230,OphthalmicRoute
C0457432,Non-compliant
C2711204,Upper incisor tooth
C0228134,Epidural Spinal Canal Space
C3887590,narrowing; ureter
C0225593,Tracheal bifurcation structure
C0028863,Extra-ocular muscle
C0505385,t4 level
C0333629,Hemosiderin Deposition
C0006441,Structure of bursa
C0003838,arterial occlusive disease
C0588055,Mediastinal lymph node structure
C0006105,Brain--Abscess
C0225789,Mediastinal pleura structure
C0032649,"Popliteal artery, NOS"
C0004030,aspergillus infections
C0027121,inflammation of the skeletal muscle
C0228232,right temporal lobe
C1510420,"Cavity, NOS"
C0546817,"Fluid overload, unspecified"
C4706712,Structure of left common femoral artery
C0205617,grade iii
C0226399,"External iliac artery, right"
C0019310,obturator hernia
C0332524,Normal thickness
C0223683,Head of the Humerus
C1512936,IntraductalRoute
C0230127,right hemithorax
C0222670,"Apophysis, NOS"
C0042034,Urine and Urination
C0575270,THORACIC SPINE SCOLIOSIS
C0221757,Deficiency;A1 antitrypsin
C0202823,Chest Computed Tomography
C0520453,"Cannula, NOS"
C0230003,Vertex structure
C0237962,retroperitoneal abscess
C0036091,salivary calculus
C0040046,"Thrombophlebitis, NOS"
C0921292,Tendon of semitendinosus
C0702122,"Circulatory Assist Units, Cardiac, Intra-Aortic Balloon"
C0205618,Anaplastic
C0032718,hepatic portal vein
C0442872,multiple cysts
C0686904,Patient need for
C0236178,intra-abdominal; hemorrhage
C0230473,Both feet
C0002760,"Sphincter ani muscle, NOS"
C0021935,Intussuscipiens
C0268203,Hoffa
C0030560,Parietal lobe structure
C0340647,Dissection of distal aorta
C0448361,Rotatores
C0025525,knuckle joint
C0029396,Ectopic ossification
C0242403,Osseous skeleton of nasal septum
C0230415,Structure of right lower limb
C0224447,pectineus
C0225560,Ary-epiglottic fold
C0007799,Brain ventricle structure
C0225777,Parietal pleura structure
C1305744,Entire fetal ossification center
C2349948,Lingual
C0003507,aortic valve; stricture
C0225756,Upper Lobe of the Lung
C0025473,Mesenteric vein
C0446415,Level of the fifth cervical vertebra
C0008733,PLEURAL EFFUSION CHYLOUS
C0001339,Acute Pancreatitis
C0206329,Anterior longitudinal ligament
C0230393,Hand Digit 3
C0019326,Hernia of anterior abdominal wall
C4281586,External oblique
C0027686,vascularization
C0017525,Giant Cell Neoplasm
C0010346,INFLAMMATORY BOWEL DISEASE (CROHN DISEASE) 1
C0152344,posterior limb of the internal capsule
C1962945,X RAY
C0443304,silent
C0027149,"Myxoma, NOS"
C0032319,pneumopericardium
C0225991,Great Blood Vessel
C0007303,Articular Cartilage
C0001624,Adrenal glands--Tumors
C0152347,pulvinar thalami
C0008350,gallstone disease
C0226104,Lingual Artery
C0027551,needle
C0229868,Left palatine tonsil
C0228467,Set of folia of cerebellum
C0014175,Endometriosis (clinical)
C0521620,megaureter
C2937240,upper abdomen
C0226761,External Iliac Vein
C0542564,Cerebral Meningioma
C1458136,Renal stone
C0034196,Pyloric part of stomach
C0226130,superficial temporal artery
C0017070,Structure of spinal nerve ganglion
C0521367,Oral pharynx
C0008913,Clavicle/Clavicular
C0205950,Structure of vault of skull
C0085221,Psoas muscle
C0226740,Para-umbilical vein
C0151705,retroperitoneal bleeding
C0038826,Superadded infection
C0013990,abnormal collection of air in tissues
C0446436,Level of the fourth lumbar vertebra
C0151241,Atrial Myxoma
C0226671,Superior right pulmonary vein
C0228193,right frontal lobe
C0035615,right-sided aortic arch
C0032300,"Lobar pneumonia, unspecified"
C0223741,trapezoid
C0003615,inflammation; appendix
C0226147,middle meningeal artery
C0041582,Ulcer - lesion
C0221353,horseshoe kidney
C0018536,hallux valgus
C0230138,Thoracic outlet structure
C0225701,Hilar Area of the Lung
C0152391,superior cerebellar peduncle
C0205039,bronchial
C0030786,Hip bone
C0014009,"Empyema, NOS"
C0175722,Clip Device
C0011304,"Demyelination, NOS"
C0230131,Structure of posterior chest wall
C0229753,Subcarinal Lymph Node
C0403477,medullary nephrocalcinosis
C0022651,Renal Calyx
C0080178,Spina bifida and other spinal dysraphisms
C0448196,Medial Femoral Condyle
C0014609,Portion of epithelium
C0222724,Clivus structure
C0412620,CT scan;abdomen
C0229560,Left Adrenal Gland
C0042448,Structure of great cerebral vein
C0042993,Vulval structure
C0006655,bone of calcaneus
C0222605,both breasts
C1947920,papillary fibroelastoma of heart
C0549115,Vaginal Vault
C0035065,kidney arteries
C1278799,Apoplectic cyst
C3696979,Enthesophyte
C0227841,Structure of cervical canal of uterus
C0038590,substantia nigra
C2724209,fibrothorax
C0024141,system; lupus erythematosus
C0006271,Inflammation of the bronchioles
C0038539,subdural; abscess
C0226686,Inferior left pulmonary vein
C0332554,"Shadow, NOS"
C0225358,Muscularis layer
C1261082,"Left coronary artery, NOS"
C0149566,"Middle cerebral artery, NOS"
C0333307,superficial ulcer
C0014008,Empty sella turcica
C0227998,left testicle
C0241961,renal angiomyolipoma
C0227792,vaginal canal
C0042173,Uvula palatina structure
C0225972,Pericardial cavity structure
C0003165,pneumoconiosis; coalworker
C0446433,Level of the second lumbar vertebra
C0041960,URETEROCELE
C0222756,Mandibular canal
C1145640,"Catheters, Vascular, Infusion, Central Venous"
C0748390,RETROPERITONEAL LYMPHADENOPATHY
C0224849,"Extensor tendon, NOS"
C0038246,Cervicothoracic ganglion
C0230371,Left Hand
C0028109,Nipple (Anatomy)
C0162871,aorta abdominalis; aneurysm
C1517559,IntratesticularRoute
C0227456,Right parotid gland
C0553580,Ewing's tumor
C0230245,Hepatoduodenal ligament structure
C0040442,Tooth Bud
C4510374,Perinephric fluid
C0750852,"Sludge, NOS"
C1541923,Infective Endocarditis
C0333014,nephrolithiasis with staghorn calculus
UNKNOWN,Name nicht gefunden
C0457523,Cemento osseous dysplasia
C0028785,Occipital lobe structure
C0007769,Structure of cerebral aqueduct
C0149871,deep; thrombosis
C0000741,Abducent nerve
C0152427,Non-syndromic polydactyly
C0333549,Haemorrhagic infarction
C0224425,Gluteus Medius
C0229316,Conchal part of pinna
C0162860,Inferior Mesenteric Artery
C0230118,Presacral region
C0042133,tumor of uterine muscle
C0008779,Ciliary body structure
C0475358,Tumor tissue specimen
C0242691,gastrocnemius
C0230429,both thighs
C0450184,jejunal loop
C0024876,masseter
C1511746,Deep Fascia
C0458394,cerebral sulci
C0223710,olecranon
C0227471,Left submandibular gland
C0444070,Tissue specimen from breast
C0582254,Intrahepatic portal vein
C0222661,Compact bone structure
C0007285,Set of carpal bones
C0013292,obstruction; duodenum
C4759666,Name nicht gefunden
C0040137,Thyroid Gland Nodule
C0033377,PROLAPSE
C0230448,left ankle
C0226611,Superior ophthalmic vein
C0002448,adamantinoma
C0228218,right occipital lobe
C0022665,Renal neoplasm
C0470187,Availability
C1384497,Structure of tensor fasciae latae muscle
C0222746,Body of mandible
C0175754,corpus callosum; absent
C1261079,Left posterior cusp of aortic valve
C0027859,Vestibular Schwannoma
C0229090,left eye
C0230181,Upper quadrant of abdomen
C0003501,"Aortic valve, NOS"
C0559502,Triceps muscle structure
C0041638,belly button
C1442171,abdomen and chest
C0024449,"Mycetoma, unspecified"
C0015462,"Facial nerve, NOS"
C0238246,benign hemangioma of liver
C0014118,inflammation of the heart valve
C0149863,COLON SIGMOID VOLVULUS
C0458582,"Upper lip, NOS"
C0004170,Bone structure of atlas
C0162770,hypertrophy of right ventricle
C0155909,Mediastinal abscess
C0003492,coarctation
C0500531,Right internal thoracic artery
C0224445,vastus medialis
C0021640,Insular structure
C0224145,Lateral pterygoid
C0152381,Cerebellar white matter structure
C1265885,Diffuse calcium deposition
C0018870,Heel structure
C1305387,Internal carotid artery
C0230147,Superior mediastinum structure
C0224384,Levator Ani
C0227265,Set of circular folds of small intestine
C0228176,Left cerebral hemisphere structure
C0333157,Colloid cyst
C2924612,Cephalometric point A
C0333043,anteflexion
C0223670,Obturator foramen structure
C1882062,neoplastic syndrome
C0223947,Bone structure of navicular
C0729441,filler
C0025148,Medulla oblongata structure
C0876973,Infectious disease of lung
C0555895,Intercostal drain
C1508753,Urinary system structure
C0227470,Right submandibular gland
C0009324,Ulcerative colitis as reason for lower g.i. examination
C1563055,Interphalangeal Joint
C0230318,Right inguinal region structure
C0340279,ventricle; hypertrophy
C0024485,Magnetic resonance imaging - action
C0022658,renal disorder
C0229116,Scleral spur
C1289790,baffle
C0004144,Pulmonary collapse with atelectasis
C0264956,Atheromatous degeneration
C0447050,Infrarenal abdominal aorta
C0007115,Neoplasm malig;thyroid gland
C0262537,left inguinal hernia
C0520720,Perineural cyst
C0262950,Set of bones
C0333548,acute infarct
C0026724,Mucous membrane structure
C0472809,splenic subcapsular hematoma
C0025047,Meconium stool
C0024094,Lumbosacral region structure
C1273723,brain region
C0224435,adductor muscle of the hip
C0224473,Flexor Hallucis Longus
C0235592,CERVICAL LYMPH NODE LARGE
C0227387,Structure of left colic flexure
C2350019,Solitary nodule of lung
C0225975,Serous pericardium structure
C0223687,Lesser Tuberosity
C0001080,chondrodysplasia; fetalis
C0229685,Splenic Hilum
C0205387,clumping
C4281589,Internal oblique
C0022646,Kidney structure
C4521596,Structure of left bronchus
C1261078,Anterior cusp of aortic valve
C0230374,Thenar region structure
C0456934,Right atrial appendage
C1313915,redundancy
C0227361,Colonic haustra
C0344724,Secundum atrial septal defect
C0007806,Portion of cerebrospinal fluid
C0447375,Mesial root of tooth
C0475433,Ileocaecal junction
C4545645,Structure of lymph node of left axilla
C0016427,Cyst of hair follicle
C0043262,Carpal Region
C0222647,Long Bone
C0029456,rarefaction; bone
C0267548,ileocolic intussusception
C0007138,Transitional Cell Carcinoma
C0457138,Lobular segment of liver
C0010674,"Cystic fibrosis, unspecified"
C0030283,pancreas; cyst
C1140618,"Structure of upper extremity, unspecified"
C0014653,balance
C0042961,INTESTINE VOLVULUS
C0240412,intramuscular haematoma
C0585104,left lower lobe pneumonia
C0225344,submucosa
C0270777,spinal cord; edema
C0027651,"malignant, benign, and unspecified neoplasms, cysts, polyps"
C0017531,Angiofollicular lymph node hyperplasia
C1302234,fatal
C1267406,Venous system structure
C0020164,Bones of upper arm
C0227683,Left Ureter
C0205097,Caudad
C0149516,Chronic rhinosinusitis
C0175662,ventriculoperitoneal shunt
C1265808,Loculated effusion
C0010384,Crown - preformed
C0229667,venous blood
C0018944,"Hematoma, NOS"
C0447106,Superficial Femoral Artery
C0230140,Cavity of right hemithorax
C0333133,mucus; plug
C0029180,Structure of orbit proper
C0242692,Skeletal Muscle Tissue
C0029408,joint; osteoarthrosis
C0021900,intrauterine devices (IUD)
C0206729,neurofibrosarcoma
C0522476,patient affected
C0183518,"SPLINT, URETERAL"
C0222787,Cartilage of rib
C0332886,"Coarctation, NOS"
C1305773,Pubic symphysis
C0001428,pharyngeal tonsil
C0264372,Bronchiolectasis
C0006497,Buttock structure
C0206066,Structure of rectus abdominis muscle
C0226230,Right vertebral artery
C0446435,Level of the fifth lumbar vertebra
C0447105,Common femoral artery
C0225594,Structure of carina of trachea
C0265893,Sinus of Valsalva aneurysm
C0224380,quadratus lumborum
C0475370,hydrophilic
C0018787,"Structure of heart, unspecified"
C0344911,LEFT VENTRICLE DILATED
C0734011,Rectum Wall
C0227511,Fossa for gallbladder
C0005401,Intrahepatic biliary tract structure
C0521377,Rectosigmoid structure
C0225220,carotid sheath
C0031093,Set of periodontia
C0226365,"Internal iliac artery, right"
C0227389,Descending colon structure
C0007124,"carcinoma; intraductal, unspecified site"
C0227411,Anal canal structure
C0226157,"Internal carotid artery, left"
C1261084,"Common iliac artery, NOS"
C0230011,Infratemporal fossa
C0016068,Fibular
C0036429,"Sclerosis, NOS"
C0025584,Metatarsal region
C0227682,Right Ureter
C0228194,left frontal lobe
C0032268,pneumocephalus
C0227192,Circular muscle layer of abdominal part of esophagus
C0227230,Gastric corpus structure
C0024796,"Marfan syndrome, unspecified"
C0016536,Set of forearm
C0021843,bowel; occlusion
C0010051,aneurysm of coronary artery
C0223865,Great Trochanter
C0687568,coronary artery stent
C0037884,sphenoid
C0227302,Third Portion of the Duodenum
C1123023,Skin structure
C0149521,pancreatitis; recrudescent [Brill-Zinsser]
C0152424,Common Ventricle Disorder
C0205321,penetrating
C0227817,Structure of fundus uteri
C0039493,jaw joint
C0459701,First metatarsal
C0026946,mycotic; disorder
C0017168,gastroesophageal reflux disease (GERD)
C0442856,hypoperfusion
C0026845,muscle
C0038525,meningeal subarachnoid hemorrhage
C0151693,Adrenal haemorrhage
C0227629,Set of renal pyramids
C2711227,Hepatic Steatosis
C0227472,Main submandibular duct
C0003956,ascending aorta
C0584227,uncinate process
C1947917,occlusal
C0158779,cervical rib; rib
C1739395,Stress cardiomyopathy
C0230321,Left inguinal region structure
C0227186,Cervical esophagus structure
C0227680,Uretero-pelvic junction
C0225836,Interatrial septum structure
C0037998,SPLEEN INFARCT
C0038016,spondylolithesis
C0007130,mucinous adenocarcinoma
C0227873,Right Ovary
C0521158,Recurrent Neoplasm
C0332234,leaking
C0017129,Gastric fundus structure
C0005400,choledochitis
C1145670,"Respiratory failure, unspecified"
C0028936,olfactory bulb
C0021156,Structure of incisor tooth
